Strike,Net Gamma ($M),Call Gamma ($M),Put Gamma ($M),Call Open Interest,Put Open Interest,Open Interest With No Gamma Data
34400,7.0,7.0,0.0,71,0,0
34200,6.0,6.0,0.0,61,0,0
34000,29.3,29.4,-0.1,496,3,2
33900,0.6,0.6,0.0,6,0,0
33800,10.8,10.8,0.0,132,0,0
33600,7.0,7.0,0.0,99,0,0
33500,53.1,57.0,-3.9,646,40,0
33400,11.4,11.4,0.0,149,0,0
33200,19.6,19.6,0.0,232,0,0
33100,0.0,0.0,0.0,5,0,0
33000,126.7,129.9,-3.1,1163,29,0
32900,0.0,0.0,0.0,2,0,0
32800,38.9,38.9,0.0,273,0,0
32700,6.5,6.5,0.0,67,0,0
32600,54.4,54.4,0.0,373,0,0
32500,81.0,84.6,-3.6,648,40,0
32400,29.0,30.4,-1.4,231,11,0
32350,1.8,1.8,0.0,9,0,0
32325,0.2,0.2,0.0,2,0,0
32300,8.4,8.4,0.0,68,0,0
32275,0.1,0.1,0.0,1,0,0
32250,8.5,8.5,0.0,58,0,0
32225,0.5,0.5,0.0,5,0,0
32200,101.5,103.2,-1.7,441,13,0
32175,0.4,0.4,0.0,4,0,0
32150,7.7,7.7,0.0,67,0,0
32125,0.6,0.6,0.0,6,0,0
32100,23.8,34.3,-10.5,176,38,0
32075,2.1,2.1,0.0,28,0,0
32050,15.6,15.6,0.0,76,0,0
32025,6.3,6.3,0.0,28,0,0
32000,317.8,332.9,-15.1,1753,54,0
31975,7.4,7.4,0.0,30,0,0
31950,23.5,23.5,0.0,93,0,0
31925,13.8,13.8,0.0,67,0,0
31900,290.8,292.7,-1.9,1455,8,0
31875,12.1,12.2,-0.1,62,1,0
31850,18.6,18.6,0.0,69,0,0
31825,48.5,48.5,0.0,136,0,0
31800,100.3,106.0,-5.7,355,32,0
31775,16.1,16.1,0.0,68,0,0
31750,47.6,49.4,-1.8,247,15,0
31725,32.9,32.9,0.0,101,0,0
31720,1.8,1.8,0.0,3,0,0
31710,1.2,1.2,0.0,4,0,0
31700,150.6,152.8,-2.3,491,8,0
31690,5.5,5.5,0.0,37,0,0
31680,2.7,2.7,0.0,6,0,0
31675,26.1,27.3,-1.2,87,7,0
31670,0.1,0.1,0.0,1,0,0
31660,0.5,0.5,0.0,1,0,0
31650,103.8,103.8,0.0,245,0,0
31640,3.6,3.6,0.0,7,0,0
31630,0.6,0.6,0.0,1,0,0
31625,17.5,17.5,0.0,43,0,0
31620,0.2,0.2,0.0,2,0,0
31610,0.3,0.3,0.0,3,0,0
31600,155.9,160.5,-4.6,495,21,0
31590,6.5,6.5,0.0,33,0,0
31580,0.8,0.8,0.0,1,0,0
31575,40.9,41.1,-0.2,72,1,0
31570,11.1,11.1,0.0,18,0,0
31560,2.1,2.1,0.0,4,0,0
31550,94.8,95.0,-0.2,284,1,0
31540,15.6,15.6,0.0,53,0,0
31530,2.7,2.7,0.0,7,0,0
31525,38.2,38.2,0.0,56,0,0
31520,5.1,5.1,0.0,10,0,0
31510,3.0,3.0,0.0,5,0,0
31500,493.1,541.7,-48.6,1515,276,0
31490,13.9,13.9,0.0,20,0,0
31480,15.8,15.8,0.0,18,0,0
31475,118.4,118.9,-0.5,155,1,0
31470,14.2,14.2,0.0,15,0,0
31460,25.5,25.5,0.0,27,0,0
31450,116.5,120.9,-4.4,151,14,0
31440,46.0,46.0,0.0,38,0,0
31430,23.3,23.3,0.0,18,0,0
31425,44.4,45.5,-1.2,99,2,0
31420,8.8,8.8,0.0,6,0,0
31410,12.2,12.2,0.0,9,0,0
31400,423.8,436.2,-12.3,635,59,0
31390,9.2,9.2,0.0,5,0,0
31380,51.0,51.0,0.0,24,0,0
31375,73.7,74.2,-0.5,104,1,0
31370,15.3,15.3,0.0,6,0,0
31360,35.7,35.7,0.0,11,0,0
31350,1242.5,1244.8,-2.4,533,7,0
31340,24.9,24.9,0.0,10,0,0
31330,1.6,1.6,0.0,1,0,0
31325,441.7,441.8,-0.1,1390,1,0
31320,25.5,25.5,0.0,4,0,0
31310,217.8,217.8,0.0,36,0,0
31300,956.2,963.5,-7.2,420,35,0
31290,128.3,128.3,0.0,20,0,0
31280,34.4,34.4,0.0,6,0,0
31275,192.4,192.5,-0.1,140,1,0
31270,258.4,258.4,0.0,44,0,0
31260,200.4,200.4,0.0,38,0,0
31250,264.6,282.2,-17.6,353,53,0
31240,12.3,12.3,0.0,3,0,0
31230,54.4,54.4,0.0,15,0,0
31225,104.2,118.7,-14.5,118,37,0
31220,29.4,39.1,-9.7,15,3,0
31210,92.4,92.4,0.0,36,0,0
31200,452.0,492.9,-40.9,692,92,0
31190,13.1,17.4,-4.3,10,2,0
31180,10.7,12.5,-1.9,8,1,0
31175,69.1,72.5,-3.3,66,6,0
31170,23.3,23.3,0.0,15,0,0
31160,15.1,15.1,0.0,13,0,0
31150,50.8,95.1,-44.3,236,199,0
31140,38.8,45.6,-6.9,43,7,0
31130,33.0,36.5,-3.5,41,4,0
31125,49.2,51.3,-2.2,84,5,0
31120,30.8,30.8,0.0,38,0,0
31110,10.2,12.3,-2.2,20,3,0
31100,414.4,476.7,-62.3,799,212,0
31090,2.4,27.8,-25.5,53,37,0
31080,18.6,22.8,-4.2,55,8,0
31075,13.4,28.4,-15.0,56,44,0
31070,4.2,9.5,-5.3,23,12,0
31060,0.7,10.4,-9.7,26,20,0
31050,29.6,50.2,-20.7,146,83,0
31040,0.2,3.7,-3.5,8,8,0
31030,-0.8,5.7,-6.5,12,20,0
31025,22.1,29.1,-7.0,67,16,0
31020,11.8,13.8,-2.1,24,7,0
31010,3.4,8.6,-5.2,23,10,0
31000,207.4,340.1,-132.7,1220,651,0
30990,-13.2,1.6,-14.8,5,27,0
30980,-7.2,2.0,-9.2,5,17,0
30975,11.8,22.8,-11.0,60,32,0
30970,4.7,7.4,-2.7,18,9,0
30960,-1.2,2.6,-3.8,6,11,0
30950,2.1,36.5,-34.5,146,147,0
30940,0.4,2.0,-1.6,10,6,0
30930,-3.8,3.0,-6.9,11,15,0
30925,1.8,17.6,-15.9,95,95,0
30920,0.2,1.4,-1.2,4,7,0
30910,-0.3,2.0,-2.3,5,8,0
30900,44.2,119.9,-75.7,597,522,0
30890,0.4,1.1,-0.7,6,7,0
30880,0.7,5.4,-4.7,15,15,0
30875,6.7,16.5,-9.8,80,66,0
30870,0.6,2.0,-1.4,12,4,0
30860,1.7,2.4,-0.7,8,7,0
30850,7.2,25.8,-18.5,94,81,0
30840,2.4,3.1,-0.7,16,4,0
30830,-6.4,2.5,-8.9,20,48,0
30825,14.8,32.7,-17.9,108,65,0
30820,-0.2,1.3,-1.5,13,8,0
30810,2.2,4.7,-2.5,42,10,0
30800,94.7,153.2,-58.5,479,259,0
30790,-15.2,0.5,-15.7,2,56,0
30780,1.1,3.1,-2.1,12,13,0
30775,-7.0,10.7,-17.6,41,63,0
30770,0.5,0.9,-0.4,5,4,0
30760,-0.5,0.0,-0.5,0,3,0
30750,-15.5,72.8,-88.2,585,684,0
30740,-0.5,1.1,-1.6,7,7,0
30730,-0.7,0.0,-0.7,0,5,0
30725,10.5,20.4,-9.9,78,56,0
30720,-1.1,0.0,-1.1,0,9,0
30710,-2.5,0.2,-2.7,2,14,0
30700,27.9,87.6,-59.7,511,451,0
30690,-1.0,0.0,-1.0,0,6,0
30680,-4.4,0.1,-4.5,1,41,0
30675,1.0,9.0,-8.0,47,45,0
30670,-0.6,0.0,-0.6,0,5,0
30660,-0.4,0.2,-0.6,2,4,0
30650,5.2,18.7,-13.5,87,73,0
30640,-1.3,0.0,-1.3,0,12,0
30630,-0.5,0.0,-0.5,0,16,0
30625,-1.8,9.9,-11.6,51,69,1
30620,-0.2,0.0,-0.2,5,11,5
30610,0.2,0.2,-0.0,22,1,21
30600,23.8,74.9,-51.2,403,285,40
30590,-0.9,0.0,-0.9,3,9,3
30580,-3.2,0.0,-3.2,1,17,1
30575,4.1,16.5,-12.3,80,83,3
30570,-0.0,0.2,-0.2,3,4,2
30560,-0.1,0.2,-0.3,6,19,5
30550,-37.6,17.2,-54.9,75,246,2
30540,-0.8,0.0,-0.8,1,21,1
30530,-0.4,0.0,-0.4,1,11,1
30525,-14.1,18.6,-32.8,94,147,3
30520,0.0,0.0,0.0,1,0,1
30510,-0.1,0.0,-0.1,0,18,0
30500,33.0,129.3,-96.2,706,650,12
30490,-0.6,0.0,-0.6,0,20,0
30480,-0.2,0.0,-0.2,0,7,0
30475,-1.6,4.3,-5.9,23,39,4
30470,-0.2,0.0,-0.2,4,2,4
30460,-0.0,0.0,-0.0,6,7,6
30450,-9.4,8.8,-18.2,45,106,6
30440,-0.2,0.1,-0.3,6,27,5
30430,-0.1,0.0,-0.1,0,31,0
30425,3.1,31.8,-28.7,111,145,1
30420,-0.0,0.0,-0.0,3,1,3
30410,-0.4,0.2,-0.6,3,49,2
30400,16.8,58.4,-41.6,348,316,6
30390,-0.0,0.0,-0.0,0,5,0
30380,0.1,0.2,-0.1,2,10,0
30375,-3.1,9.0,-12.1,50,112,1
30370,-0.1,0.0,-0.1,0,32,0
30360,-0.5,0.0,-0.5,1,33,1
30350,8.6,16.2,-7.6,91,83,3
30340,-0.0,0.0,-0.0,0,7,0
30330,-0.4,0.0,-0.4,0,33,0
30325,-5.2,2.9,-8.1,17,70,1
30320,-0.7,0.0,-0.7,0,8,0
30310,-0.1,0.0,-0.1,0,30,0
30300,-21.6,69.5,-91.1,367,518,3
30280,-0.0,0.0,-0.0,0,11,0
30275,-0.0,5.0,-5.0,30,34,4
30270,-0.1,0.0,-0.1,0,36,0
30260,0.0,0.1,-0.1,1,34,0
30250,9.0,32.9,-23.9,194,263,3
30240,-0.0,0.0,-0.0,2,12,2
30230,-0.3,0.0,-0.3,0,5,0
30225,-1.7,3.9,-5.6,24,42,0
30220,-0.0,0.0,-0.0,0,1,0
30210,-0.1,0.0,-0.1,0,2,0
30200,-146.5,22.1,-168.6,171,1672,10
30190,-0.0,0.0,-0.0,0,4,0
30180,-0.1,0.0,-0.1,1,1,0
30175,-7.5,2.8,-10.3,17,91,0
30170,-0.1,0.0,-0.1,0,1,0
30160,-0.0,0.0,-0.0,0,3,0
30150,-4.9,6.6,-11.5,40,91,0
30140,-0.0,0.0,-0.0,0,1,0
30130,-0.1,0.0,-0.1,0,12,0
30125,-1.3,1.4,-2.7,8,27,0
30120,-0.1,0.0,-0.1,0,2,0
30100,-4.1,11.4,-15.6,90,242,0
30090,-0.0,0.0,-0.0,0,2,0
30080,-0.2,0.1,-0.3,2,9,0
30075,-4.0,2.0,-5.9,12,37,0
30060,-0.2,0.0,-0.2,0,9,0
30050,1.1,11.0,-9.9,92,82,0
30040,-0.1,0.0,-0.1,0,21,0
30030,-0.0,0.0,-0.0,0,1,0
30025,2.5,8.0,-5.5,42,40,0
30020,-0.1,0.0,-0.1,0,3,0
30010,-0.0,0.0,-0.0,0,4,0
30000,46.2,217.6,-171.4,1616,1477,0
29990,-4.2,0.0,-4.2,0,44,0
29980,-0.1,0.0,-0.1,0,2,0
29975,7.6,10.0,-2.4,103,22,0
29970,-0.1,0.0,-0.1,0,1,0
29960,-0.0,0.0,-0.0,0,2,0
29950,0.3,12.6,-12.3,159,135,0
29930,-0.4,0.0,-0.4,0,37,0
29925,-1.2,0.5,-1.7,5,20,0
29920,0.1,0.1,0.0,1,0,0
29900,-31.8,6.6,-38.4,178,417,0
29880,-0.0,0.0,-0.0,0,1,0
29875,-10.0,0.5,-10.5,6,116,0
29870,-0.1,0.0,-0.1,0,8,0
29850,-4.4,4.2,-8.6,44,103,0
29840,-0.0,0.0,-0.0,0,1,0
29830,-0.0,0.0,-0.0,0,4,0
29825,-1.1,2.6,-3.7,27,41,0
29820,-0.0,0.0,-0.0,0,1,0
29800,-15.8,18.1,-34.0,188,378,0
29775,-5.3,1.6,-6.8,16,76,0
29770,-0.1,0.0,-0.1,0,2,0
29750,15.7,28.0,-12.3,287,138,0
29730,-0.0,0.0,-0.0,0,2,0
29725,-4.7,6.3,-11.0,65,151,0
29720,-0.0,0.0,-0.0,0,1,0
29710,-0.1,0.0,-0.1,0,2,0
29700,-0.7,23.3,-24.1,245,330,1
29690,-0.1,0.0,-0.1,0,4,0
29680,-0.2,0.0,-0.2,0,8,0
29675,-0.2,3.0,-3.2,31,52,0
29670,-0.0,0.0,-0.0,0,1,0
29660,-0.0,0.0,-0.0,0,6,0
29650,0.9,9.8,-8.9,103,102,0
29625,-2.3,0.8,-3.1,9,41,0
29600,-10.4,9.9,-20.3,117,309,0
29575,-6.5,2.4,-8.8,24,94,0
29570,-0.0,0.0,-0.0,0,2,0
29550,-2.5,1.7,-4.2,19,65,0
29525,0.7,4.6,-3.9,47,45,0
29520,-0.0,0.0,-0.0,0,3,0
29510,-0.0,0.0,-0.0,0,1,0
29500,-83.7,60.9,-144.7,645,1617,0
29475,336.7,341.5,-4.8,3487,62,0
29450,-3.5,6.2,-9.7,70,141,0
29425,-2.7,1.1,-3.7,11,45,0
29400,-16.6,6.8,-23.4,77,459,0
29375,-2.4,1.0,-3.3,10,55,0
29350,-0.8,4.0,-4.8,41,109,0
29325,0.0,1.2,-1.1,13,20,0
29300,-22.3,7.9,-30.2,81,369,0
29275,-4.7,8.7,-13.4,90,171,0
29250,-16.0,22.7,-38.7,235,475,0
29225,-1.3,0.4,-1.7,4,34,0
29200,-137.5,27.5,-165.0,304,1785,0
29175,-1.1,0.3,-1.4,4,41,0
29150,-13.5,0.9,-14.4,11,176,0
29125,-0.4,2.5,-3.0,26,38,0
29100,-16.7,10.8,-27.4,113,351,0
29075,-0.8,0.3,-1.0,3,21,0
29050,-2.7,0.5,-3.2,12,105,0
29025,-0.8,0.2,-1.1,4,35,0
29000,-77.6,114.8,-192.4,1224,2271,20
28975,-0.2,0.4,-0.7,9,17,0
28950,-4.7,1.0,-5.7,10,167,0
28925,-0.6,0.2,-0.8,2,25,0
28900,-12.4,1.0,-13.4,18,292,0
28875,-0.3,0.1,-0.5,2,21,0
28850,-5.3,0.4,-5.7,8,132,0
28825,-1.7,0.1,-1.7,1,98,0
28800,-21.2,3.0,-24.1,33,416,0
28775,-0.5,0.1,-0.6,1,29,0
28750,-2.5,0.6,-3.1,11,65,0
28725,-0.5,0.0,-0.5,0,13,0
28700,-4.6,0.5,-5.1,8,125,0
28675,-1.5,0.1,-1.6,2,33,0
28650,-2.6,0.2,-2.8,3,121,0
28625,0.0,0.6,-0.5,12,14,0
28600,-4.9,6.1,-11.0,65,305,0
28575,-0.2,0.2,-0.4,3,17,0
28550,-1.6,1.3,-2.9,41,90,0
28525,-0.5,0.0,-0.5,1,18,0
28500,-49.9,23.4,-73.3,268,1589,0
28475,-0.7,0.1,-0.8,1,41,0
28450,-0.6,0.1,-0.7,2,38,0
28425,-0.4,0.0,-0.4,0,18,0
28400,-7.7,1.7,-9.5,25,278,0
28375,-0.2,0.0,-0.2,0,7,0
28350,-1.1,0.0,-1.2,1,49,0
28325,-0.2,0.1,-0.3,2,23,0
28300,-2.1,0.1,-2.2,4,101,0
28275,-0.9,0.1,-1.0,1,20,0
28250,-1.0,0.1,-1.1,2,64,0
28225,-0.1,0.0,-0.1,1,8,0
28200,-6.8,2.1,-8.9,26,199,0
28175,-0.3,0.1,-0.4,2,12,1
